"zona","nome_candidato","votos","pct"
"1","Bernardo Rogério Mata De Araújo Junior",98,0.5064599483204134
"1","Daniel De Castro Sousa",200,1.03359173126615
"1","Daniel Xavier Donizet",1113,5.7519379844961245
"1","Dayse Amarilio Donetts Diniz",262,1.3540051679586562
"1","Eduardo Weyne Pedrosa",334,1.7260981912144702
"1","Francisco Domingos Dos Santos",1875,9.689922480620156
"1","Fábio Felix Silveira",4228,21.85012919896641
"1","Gabriel Magno Pereira Cruz",1014,5.24031007751938
"1","Iolando Almeida De Souza",231,1.1937984496124032
"1","Jane Klebia Do Nascimento Silva Reis",184,0.9509043927648579
"1","Jaqueline Angela Da Silva",238,1.2299741602067185
"1","Joao Alves Cardoso",380,1.9638242894056845
"1","Joaquim Domingos Roriz Neto",393,2.0310077519379846
"1","Jorge Viana De Sousa",469,2.4237726098191215
"1","João Hermeto De Oliveira Neto",342,1.7674418604651163
"1","Marcos Martins Machado",508,2.6253229974160206
"1","Max Maciel Cavalcanti",1750,9.043927648578812
"1","Paula Moreno Paro Belmonte",783,4.046511627906977
"1","Pedro Paulo De Oliveira",74,0.3824289405684755
"1","Ricardo Vale Da Silva",369,1.9069767441860466
"1","Robério Bandeira De Negreiros Filho",719,3.715762273901809
"1","Roosevelt Vilela Pires",604,3.1214470284237725
"1","Thiago De Araújo Macieira Manzoni",2729,14.103359173126615
"1","Wellington Luiz De Souza Silva",453,2.341085271317829
"10","Bernardo Rogério Mata De Araújo Junior",107,0.30586284766886773
"10","Daniel De Castro Sousa",474,1.3549438298602179
"10","Daniel Xavier Donizet",1712,4.893805562701884
"10","Dayse Amarilio Donetts Diniz",638,1.8237429608667068
"10","Eduardo Weyne Pedrosa",1309,3.741817454192036
"10","Francisco Domingos Dos Santos",2158,6.168710516536604
"10","Fábio Felix Silveira",2534,7.243518280307577
"10","Gabriel Magno Pereira Cruz",844,2.412600405911443
"10","Iolando Almeida De Souza",890,2.5440928450961895
"10","Jane Klebia Do Nascimento Silva Reis",339,0.969042106165852
"10","Jaqueline Angela Da Silva",866,2.4754880942171913
"10","Joao Alves Cardoso",352,1.0062030128919761
"10","Joaquim Domingos Roriz Neto",1182,3.37878398079067
"10","Jorge Viana De Sousa",1535,4.387845524969271
"10","João Hermeto De Oliveira Neto",8386,23.97164336963668
"10","Marcos Martins Machado",2129,6.08581310922448
"10","Max Maciel Cavalcanti",1666,4.762313123517137
"10","Paula Moreno Paro Belmonte",1161,3.3187548237715463
"10","Pedro Paulo De Oliveira",119,0.34016522310836694
"10","Ricardo Vale Da Silva",885,2.529800188663065
"10","Robério Bandeira De Negreiros Filho",1613,4.610810965326015
"10","Roosevelt Vilela Pires",1798,5.1396392533516275
"10","Thiago De Araújo Macieira Manzoni",1157,3.3073206986250465
"10","Wellington Luiz De Souza Silva",1129,3.227281822599548
"11","Bernardo Rogério Mata De Araújo Junior",58,0.3200883002207506
"11","Daniel De Castro Sousa",302,1.6666666666666667
"11","Daniel Xavier Donizet",1270,7.008830022075055
"11","Dayse Amarilio Donetts Diniz",384,2.119205298013245
"11","Eduardo Weyne Pedrosa",393,2.16887417218543
"11","Francisco Domingos Dos Santos",1787,9.862030905077262
"11","Fábio Felix Silveira",3542,19.547461368653423
"11","Gabriel Magno Pereira Cruz",893,4.928256070640177
"11","Iolando Almeida De Souza",343,1.892935982339956
"11","Jane Klebia Do Nascimento Silva Reis",194,1.0706401766004414
"11","Jaqueline Angela Da Silva",316,1.7439293598233996
"11","Joao Alves Cardoso",427,2.356512141280353
"11","Joaquim Domingos Roriz Neto",316,1.7439293598233996
"11","Jorge Viana De Sousa",673,3.7141280353200883
"11","João Hermeto De Oliveira Neto",335,1.84878587196468
"11","Marcos Martins Machado",432,2.384105960264901
"11","Max Maciel Cavalcanti",1361,7.511037527593819
"11","Paula Moreno Paro Belmonte",767,4.232891832229581
"11","Pedro Paulo De Oliveira",79,0.4359823399558499
"11","Ricardo Vale Da Silva",364,2.0088300220750552
"11","Robério Bandeira De Negreiros Filho",472,2.6048565121412803
"11","Roosevelt Vilela Pires",618,3.410596026490066
"11","Thiago De Araújo Macieira Manzoni",2211,12.201986754966887
"11","Wellington Luiz De Souza Silva",583,3.2174392935982343
"13","Bernardo Rogério Mata De Araújo Junior",111,0.33625155251279876
"13","Daniel De Castro Sousa",1070,3.2413437944927446
"13","Daniel Xavier Donizet",1538,4.659053042925086
"13","Dayse Amarilio Donetts Diniz",697,2.111417406319106
"13","Eduardo Weyne Pedrosa",1343,4.068340856078277
"13","Francisco Domingos Dos Santos",2382,7.215776559328709
"13","Fábio Felix Silveira",1788,5.416376359395353
"13","Gabriel Magno Pereira Cruz",848,2.568840689467147
"13","Iolando Almeida De Souza",1499,4.540910605555724
"13","Jane Klebia Do Nascimento Silva Reis",337,1.0208718306019204
"13","Jaqueline Angela Da Silva",1006,3.047469025476356
"13","Joao Alves Cardoso",529,1.6024961376510862
"13","Joaquim Domingos Roriz Neto",4134,12.523098361152343
"13","Jorge Viana De Sousa",3426,10.378358728908546
"13","João Hermeto De Oliveira Neto",895,2.7112174729635576
"13","Marcos Martins Machado",2779,8.418405985883494
"13","Max Maciel Cavalcanti",1717,5.2012965375177975
"13","Paula Moreno Paro Belmonte",718,2.1750325649026085
"13","Pedro Paulo De Oliveira",91,0.27566568719517737
"13","Ricardo Vale Da Silva",417,1.263215291872406
"13","Robério Bandeira De Negreiros Filho",2223,6.734118930053619
"13","Roosevelt Vilela Pires",1189,3.6018296931325926
"13","Thiago De Araújo Macieira Manzoni",712,2.156856805307322
"13","Wellington Luiz De Souza Silva",1562,4.731756081306231
"14","Bernardo Rogério Mata De Araújo Junior",140,0.4759314658689149
"14","Daniel De Castro Sousa",268,0.9110688060919229
"14","Daniel Xavier Donizet",1509,5.129861299972804
"14","Dayse Amarilio Donetts Diniz",496,1.6861571933641555
"14","Eduardo Weyne Pedrosa",460,1.5637748164264345
"14","Francisco Domingos Dos Santos",2525,8.583763937992929
"14","Fábio Felix Silveira",7232,24.585259722599943
"14","Gabriel Magno Pereira Cruz",1695,5.762170247484362
"14","Iolando Almeida De Souza",1079,3.668071797661137
"14","Jane Klebia Do Nascimento Silva Reis",350,1.1898286646722873
"14","Jaqueline Angela Da Silva",266,0.9042697851509383
"14","Joao Alves Cardoso",773,2.6278215936905087
"14","Joaquim Domingos Roriz Neto",360,1.2238237693772096
"14","Jorge Viana De Sousa",757,2.5734294261626327
"14","João Hermeto De Oliveira Neto",353,1.200027196083764
"14","Marcos Martins Machado",489,1.66236062007071
"14","Max Maciel Cavalcanti",2802,9.525428338319282
"14","Paula Moreno Paro Belmonte",1081,3.674870818602121
"14","Pedro Paulo De Oliveira",123,0.4181397878705467
"14","Ricardo Vale Da Silva",678,2.304868098993745
"14","Robério Bandeira De Negreiros Filho",654,2.2232798477019307
"14","Roosevelt Vilela Pires",677,2.3014685885232526
"14","Thiago De Araújo Macieira Manzoni",4015,13.649034539026381
"14","Wellington Luiz De Souza Silva",634,2.155289638292086
"15","Bernardo Rogério Mata De Araújo Junior",84,0.20824036888293915
"15","Daniel De Castro Sousa",1504,3.7284942238088155
"15","Daniel Xavier Donizet",2548,6.316624522782488
"15","Dayse Amarilio Donetts Diniz",1180,2.925281372403193
"15","Eduardo Weyne Pedrosa",869,2.154296197134216
"15","Francisco Domingos Dos Santos",3364,8.33953096335961
"15","Fábio Felix Silveira",5760,14.2793395805444
"15","Gabriel Magno Pereira Cruz",1735,4.301155238236898
"15","Iolando Almeida De Souza",1021,2.5311121027319152
"15","Jane Klebia Do Nascimento Silva Reis",342,0.8478357875948238
"15","Jaqueline Angela Da Silva",775,1.921265308146165
"15","Joao Alves Cardoso",916,2.2708116416282413
"15","Joaquim Domingos Roriz Neto",1020,2.528633050721404
"15","Jorge Viana De Sousa",2456,6.088551737815459
"15","João Hermeto De Oliveira Neto",1127,2.7938916158461007
"15","Marcos Martins Machado",1745,4.32594575834201
"15","Max Maciel Cavalcanti",3584,8.884922405672071
"15","Paula Moreno Paro Belmonte",2048,5.077098517526898
"15","Pedro Paulo De Oliveira",209,0.5181218701968368
"15","Ricardo Vale Da Silva",653,1.6188209628638008
"15","Robério Bandeira De Negreiros Filho",1262,3.1285636372651098
"15","Roosevelt Vilela Pires",1852,4.591204323466706
"15","Thiago De Araújo Macieira Manzoni",2900,7.189250830482423
"15","Wellington Luiz De Souza Silva",1384,3.4310079825474737
"16","Bernardo Rogério Mata De Araújo Junior",64,0.18003825812985258
"16","Daniel De Castro Sousa",1729,4.863846067289299
"16","Daniel Xavier Donizet",1373,3.8623832564419938
"16","Dayse Amarilio Donetts Diniz",597,1.6794193766175314
"16","Eduardo Weyne Pedrosa",1275,3.5866996736806573
"16","Francisco Domingos Dos Santos",3077,8.655901879149319
"16","Fábio Felix Silveira",1211,3.4066614155508046
"16","Gabriel Magno Pereira Cruz",1034,2.908743107910431
"16","Iolando Almeida De Souza",6742,18.96590525486666
"16","Jane Klebia Do Nascimento Silva Reis",293,0.8242376505007315
"16","Jaqueline Angela Da Silva",597,1.6794193766175314
"16","Joao Alves Cardoso",394,1.108360526611905
"16","Joaquim Domingos Roriz Neto",1256,3.533250815798357
"16","Jorge Viana De Sousa",2119,5.960954202768088
"16","João Hermeto De Oliveira Neto",1551,4.363114661865646
"16","Marcos Martins Machado",1980,5.569933610892314
"16","Max Maciel Cavalcanti",2450,6.89208956903342
"16","Paula Moreno Paro Belmonte",739,2.0788792618431415
"16","Pedro Paulo De Oliveira",97,0.2728704849780579
"16","Ricardo Vale Da Silva",555,1.5612692697198154
"16","Robério Bandeira De Negreiros Filho",3564,10.025880499606165
"16","Roosevelt Vilela Pires",1270,3.5726341847642624
"16","Thiago De Araújo Macieira Manzoni",451,1.268707100258805
"16","Wellington Luiz De Souza Silva",1130,3.17880049510521
"17","Bernardo Rogério Mata De Araújo Junior",71,0.17258981963148426
"17","Daniel De Castro Sousa",766,1.8620253779960134
"17","Daniel Xavier Donizet",8484,20.62326802469736
"17","Dayse Amarilio Donetts Diniz",724,1.7599299917351354
"17","Eduardo Weyne Pedrosa",3175,7.717925032816374
"17","Francisco Domingos Dos Santos",3048,7.409208031503719
"17","Fábio Felix Silveira",1978,4.80820652438135
"17","Gabriel Magno Pereira Cruz",982,2.387087364480529
"17","Iolando Almeida De Souza",638,1.5508775341533376
"17","Jane Klebia Do Nascimento Silva Reis",189,0.45942923817395104
"17","Jaqueline Angela Da Silva",5409,13.148427244883077
"17","Joao Alves Cardoso",446,1.0841557683893237
"17","Joaquim Domingos Roriz Neto",996,2.4211191599008215
"17","Jorge Viana De Sousa",2683,6.521950508046088
"17","João Hermeto De Oliveira Neto",741,1.801254314745491
"17","Marcos Martins Machado",2019,4.907871068112208
"17","Max Maciel Cavalcanti",1510,3.6705722203315667
"17","Paula Moreno Paro Belmonte",1012,2.460012640381156
"17","Pedro Paulo De Oliveira",145,0.35247216685303123
"17","Ricardo Vale Da Silva",848,2.0613544654577276
"17","Robério Bandeira De Negreiros Filho",2281,5.544751810977685
"17","Roosevelt Vilela Pires",1516,3.685157275511693
"17","Thiago De Araújo Macieira Manzoni",485,1.1789586270601389
"17","Wellington Luiz De Souza Silva",992,2.411395789780738
"18","Bernardo Rogério Mata De Araújo Junior",16429,40.508420248045965
"18","Daniel De Castro Sousa",707,1.7432255837463322
"18","Daniel Xavier Donizet",1211,2.985921049387282
"18","Dayse Amarilio Donetts Diniz",391,0.9640752521143082
"18","Eduardo Weyne Pedrosa",1342,3.308923243829672
"18","Francisco Domingos Dos Santos",2021,4.983110190595951
"18","Fábio Felix Silveira",3135,7.729861676159479
"18","Gabriel Magno Pereira Cruz",1012,2.4952535937076212
"18","Iolando Almeida De Souza",318,0.7840816628448849
"18","Jane Klebia Do Nascimento Silva Reis",419,1.033113889094361
"18","Jaqueline Angela Da Silva",497,1.2254358063959365
"18","Joao Alves Cardoso",450,1.1095495228937051
"18","Joaquim Domingos Roriz Neto",565,1.3931010676332076
"18","Jorge Viana De Sousa",868,2.1401977463816357
"18","João Hermeto De Oliveira Neto",301,0.7421653475355673
"18","Marcos Martins Machado",1715,4.228616515028232
"18","Max Maciel Cavalcanti",1576,3.885888995734398
"18","Paula Moreno Paro Belmonte",1192,2.9390734028651035
"18","Pedro Paulo De Oliveira",132,0.32546786004882017
"18","Ricardo Vale Da Silva",804,1.9823951475700867
"18","Robério Bandeira De Negreiros Filho",1317,3.2472816036689105
"18","Roosevelt Vilela Pires",677,1.6692556155534186
"18","Thiago De Araújo Macieira Manzoni",2669,6.580861503562886
"18","Wellington Luiz De Souza Silva",809,1.9947234756022387
"19","Bernardo Rogério Mata De Araújo Junior",60,0.2194105170774519
"19","Daniel De Castro Sousa",3657,13.373071015870694
"19","Daniel Xavier Donizet",1666,6.092298690850582
"19","Dayse Amarilio Donetts Diniz",726,2.6548672566371683
"19","Eduardo Weyne Pedrosa",730,2.6694946244423314
"19","Francisco Domingos Dos Santos",1970,7.203978644043005
"19","Fábio Felix Silveira",2340,8.557010166020625
"19","Gabriel Magno Pereira Cruz",1005,3.675126161047319
"19","Iolando Almeida De Souza",779,2.848679880055584
"19","Jane Klebia Do Nascimento Silva Reis",254,0.9288378556278797
"19","Jaqueline Angela Da Silva",635,2.3220946390696993
"19","Joao Alves Cardoso",602,2.201418854677101
"19","Joaquim Domingos Roriz Neto",855,3.1265998683536895
"19","Jorge Viana De Sousa",1806,6.604256564031302
"19","João Hermeto De Oliveira Neto",742,2.713376727857822
"19","Marcos Martins Machado",1164,4.256564031302567
"19","Max Maciel Cavalcanti",2384,8.717911211877423
"19","Paula Moreno Paro Belmonte",973,3.5581072186060116
"19","Pedro Paulo De Oliveira",169,0.6180062897681562
"19","Ricardo Vale Da Silva",594,2.1721641190667738
"19","Robério Bandeira De Negreiros Filho",799,2.9218167190814013
"19","Roosevelt Vilela Pires",1484,5.426753455715644
"19","Thiago De Araújo Macieira Manzoni",1086,3.9713303591018794
"19","Wellington Luiz De Souza Silva",866,3.166825129817889
"2","Bernardo Rogério Mata De Araújo Junior",451,1.3936097892590074
"2","Daniel De Castro Sousa",513,1.5851925097336381
"2","Daniel Xavier Donizet",867,2.6790680427662075
"2","Dayse Amarilio Donetts Diniz",345,1.0660651381249613
"2","Eduardo Weyne Pedrosa",1743,5.3859464804400226
"2","Francisco Domingos Dos Santos",1543,4.767937704715407
"2","Fábio Felix Silveira",2826,8.732464000988815
"2","Gabriel Magno Pereira Cruz",633,1.9559977751684074
"2","Iolando Almeida De Souza",484,1.495581237253569
"2","Jane Klebia Do Nascimento Silva Reis",10391,32.108645942772384
"2","Jaqueline Angela Da Silva",311,0.9610036462517768
"2","Joao Alves Cardoso",671,2.0734194425560846
"2","Joaquim Domingos Roriz Neto",955,2.950991904085038
"2","Jorge Viana De Sousa",749,2.3144428650886844
"2","João Hermeto De Oliveira Neto",194,0.5994685124528768
"2","Marcos Martins Machado",2414,7.459365922996107
"2","Max Maciel Cavalcanti",1158,3.5782708114455226
"2","Paula Moreno Paro Belmonte",1020,3.1518447561955383
"2","Pedro Paulo De Oliveira",235,0.7261603114764229
"2","Ricardo Vale Da Silva",761,2.351523391632161
"2","Robério Bandeira De Negreiros Filho",1722,5.321055558988937
"2","Roosevelt Vilela Pires",403,1.2452876830850996
"2","Thiago De Araújo Macieira Manzoni",1429,4.415672702552376
"2","Wellington Luiz De Souza Silva",544,1.6809838699709538
"20","Bernardo Rogério Mata De Araújo Junior",34,0.17125012591921024
"20","Daniel De Castro Sousa",728,3.666767402034855
"20","Daniel Xavier Donizet",977,4.9209227359726
"20","Dayse Amarilio Donetts Diniz",430,2.1658104160370706
"20","Eduardo Weyne Pedrosa",1059,5.33393774554246
"20","Francisco Domingos Dos Santos",2290,11.534199657499748
"20","Fábio Felix Silveira",906,4.563312178906014
"20","Gabriel Magno Pereira Cruz",630,3.1731640979147784
"20","Iolando Almeida De Souza",475,2.3924649944595546
"20","Jane Klebia Do Nascimento Silva Reis",223,1.1231993552936435
"20","Jaqueline Angela Da Silva",380,1.9139719955676437
"20","Joao Alves Cardoso",398,2.0046338269366375
"20","Joaquim Domingos Roriz Neto",647,3.258789160874383
"20","Jorge Viana De Sousa",1463,7.368792182935429
"20","João Hermeto De Oliveira Neto",466,2.347134078775058
"20","Marcos Martins Machado",1471,7.409086330210537
"20","Max Maciel Cavalcanti",2276,11.463684899768309
"20","Paula Moreno Paro Belmonte",542,2.7299284778885866
"20","Pedro Paulo De Oliveira",118,0.5943386723078473
"20","Ricardo Vale Da Silva",311,1.5664349753198348
"20","Robério Bandeira De Negreiros Filho",1974,9.94258084013297
"20","Roosevelt Vilela Pires",1027,5.172761156442027
"20","Thiago De Araújo Macieira Manzoni",388,1.9542661428427521
"20","Wellington Luiz De Souza Silva",641,3.2285685504180517
"21","Bernardo Rogério Mata De Araújo Junior",65,0.2661316737635113
"21","Daniel De Castro Sousa",894,3.660334097608909
"21","Daniel Xavier Donizet",1227,5.023747133966591
"21","Dayse Amarilio Donetts Diniz",482,1.9734687192924993
"21","Eduardo Weyne Pedrosa",1355,5.547821814608582
"21","Francisco Domingos Dos Santos",1967,8.053553881428103
"21","Fábio Felix Silveira",1204,4.929577464788732
"21","Gabriel Magno Pereira Cruz",611,2.5016377333770063
"21","Iolando Almeida De Souza",1438,5.8876514903373725
"21","Jane Klebia Do Nascimento Silva Reis",227,0.9294136914510318
"21","Jaqueline Angela Da Silva",1162,4.757615460203079
"21","Joao Alves Cardoso",285,1.166885031116934
"21","Joaquim Domingos Roriz Neto",2504,10.252210940058958
"21","Jorge Viana De Sousa",1971,8.069931215198165
"21","João Hermeto De Oliveira Neto",522,2.137242056993122
"21","Marcos Martins Machado",2196,8.991156239764168
"21","Max Maciel Cavalcanti",1239,5.072879135276777
"21","Paula Moreno Paro Belmonte",838,3.431051424828038
"21","Pedro Paulo De Oliveira",80,0.3275466754012447
"21","Ricardo Vale Da Silva",333,1.363413036357681
"21","Robério Bandeira De Negreiros Filho",1818,7.443498198493286
"21","Roosevelt Vilela Pires",680,2.78414674091058
"21","Thiago De Araújo Macieira Manzoni",472,1.9325253848673438
"21","Wellington Luiz De Souza Silva",854,3.496560759908287
"3","Bernardo Rogério Mata De Araújo Junior",43,0.24735388863322597
"3","Daniel De Castro Sousa",927,5.332489645651173
"3","Daniel Xavier Donizet",976,5.614358030372756
"3","Dayse Amarilio Donetts Diniz",420,2.4160147261849976
"3","Eduardo Weyne Pedrosa",684,3.93465255407271
"3","Francisco Domingos Dos Santos",1545,8.887482742751956
"3","Fábio Felix Silveira",1234,7.098481362172112
"3","Gabriel Magno Pereira Cruz",832,4.7860101242521855
"3","Iolando Almeida De Souza",512,2.945236999539807
"3","Jane Klebia Do Nascimento Silva Reis",163,0.9376438104003681
"3","Jaqueline Angela Da Silva",375,2.1571560055223196
"3","Joao Alves Cardoso",379,2.180165669581224
"3","Joaquim Domingos Roriz Neto",751,4.320064427059365
"3","Jorge Viana De Sousa",1611,9.267142199723883
"3","João Hermeto De Oliveira Neto",377,2.1686608375517715
"3","Marcos Martins Machado",962,5.53382420616659
"3","Max Maciel Cavalcanti",1637,9.416705016106764
"3","Paula Moreno Paro Belmonte",564,3.244362632305568
"3","Pedro Paulo De Oliveira",94,0.5407271053842614
"3","Ricardo Vale Da Silva",305,1.7544868844914865
"3","Robério Bandeira De Negreiros Filho",733,4.216520938794294
"3","Roosevelt Vilela Pires",1153,6.632535664979292
"3","Thiago De Araújo Macieira Manzoni",552,3.1753336401288546
"3","Wellington Luiz De Souza Silva",555,3.1925908881730325
"4","Bernardo Rogério Mata De Araújo Junior",54,0.17421602787456447
"4","Daniel De Castro Sousa",2300,7.420312298361079
"4","Daniel Xavier Donizet",1502,4.8457865531036255
"4","Dayse Amarilio Donetts Diniz",365,1.1775712995225192
"4","Eduardo Weyne Pedrosa",1439,4.642534520583301
"4","Francisco Domingos Dos Santos",1641,5.294231513743709
"4","Fábio Felix Silveira",989,3.190734288295264
"4","Gabriel Magno Pereira Cruz",267,0.8614014711575687
"4","Iolando Almeida De Souza",651,2.100271002710027
"4","Jane Klebia Do Nascimento Silva Reis",177,0.5710414246999613
"4","Jaqueline Angela Da Silva",11686,37.701638921151115
"4","Joao Alves Cardoso",194,0.6258872112530649
"4","Joaquim Domingos Roriz Neto",1546,4.987740353594012
"4","Jorge Viana De Sousa",1199,3.8682410633630147
"4","João Hermeto De Oliveira Neto",439,1.4163117821654407
"4","Marcos Martins Machado",2012,6.491160149696736
"4","Max Maciel Cavalcanti",702,2.264808362369338
"4","Paula Moreno Paro Belmonte",472,1.52277713253323
"4","Pedro Paulo De Oliveira",57,0.18389469608981804
"4","Ricardo Vale Da Silva",382,1.2324170860756227
"4","Robério Bandeira De Negreiros Filho",1359,4.384436701509872
"4","Roosevelt Vilela Pires",716,2.3099754807071884
"4","Thiago De Araújo Macieira Manzoni",363,1.1711188540456834
"4","Wellington Luiz De Souza Silva",484,1.5614918053942444
"5","Bernardo Rogério Mata De Araújo Junior",58,0.14168111976940176
"5","Daniel De Castro Sousa",973,2.3768229230280675
"5","Daniel Xavier Donizet",1279,3.124312968708015
"5","Dayse Amarilio Donetts Diniz",576,1.407040085985783
"5","Eduardo Weyne Pedrosa",1518,3.7081368932750323
"5","Francisco Domingos Dos Santos",1654,4.040354691355009
"5","Fábio Felix Silveira",3305,8.073381048928843
"5","Gabriel Magno Pereira Cruz",953,2.3279673644868946
"5","Iolando Almeida De Souza",574,1.4021545301316658
"5","Jane Klebia Do Nascimento Silva Reis",3005,7.3405476708112465
"5","Jaqueline Angela Da Silva",371,0.9062706109387596
"5","Joao Alves Cardoso",8080,19.7376456506339
"5","Joaquim Domingos Roriz Neto",659,1.609790653931651
"5","Jorge Viana De Sousa",1470,3.5908835527762175
"5","João Hermeto De Oliveira Neto",325,0.7939028262940616
"5","Marcos Martins Machado",1746,4.2650902606444046
"5","Max Maciel Cavalcanti",1391,3.3979040965385834
"5","Paula Moreno Paro Belmonte",816,1.9933067884798594
"5","Pedro Paulo De Oliveira",1042,2.5453745999951147
"5","Ricardo Vale Da Silva",5611,13.706426948726092
"5","Robério Bandeira De Negreiros Filho",2473,6.0409898136160445
"5","Roosevelt Vilela Pires",872,2.1301023523951437
"5","Thiago De Araújo Macieira Manzoni",1188,2.9020201773456775
"5","Wellington Luiz De Souza Silva",998,2.437892371204534
"6","Bernardo Rogério Mata De Araújo Junior",106,0.2799492922036763
"6","Daniel De Castro Sousa",1240,3.2748785125713082
"6","Daniel Xavier Donizet",866,2.287132896682865
"6","Dayse Amarilio Donetts Diniz",566,1.4948235791252906
"6","Eduardo Weyne Pedrosa",1649,4.355060215508135
"6","Francisco Domingos Dos Santos",2936,7.754067187830128
"6","Fábio Felix Silveira",1690,4.463342488907669
"6","Gabriel Magno Pereira Cruz",951,2.511620536657511
"6","Iolando Almeida De Souza",815,2.1524403126980776
"6","Jane Klebia Do Nascimento Silva Reis",748,1.9754912317768856
"6","Jaqueline Angela Da Silva",310,0.8187196281428271
"6","Joao Alves Cardoso",1352,3.570673991126136
"6","Joaquim Domingos Roriz Neto",867,2.28977392774139
"6","Jorge Viana De Sousa",1672,4.415803929854215
"6","João Hermeto De Oliveira Neto",528,1.394464398901331
"6","Marcos Martins Machado",1940,5.1236002535389815
"6","Max Maciel Cavalcanti",683,1.8038242129727446
"6","Paula Moreno Paro Belmonte",769,2.0309528840059157
"6","Pedro Paulo De Oliveira",11970,31.61314177054722
"6","Ricardo Vale Da Silva",1658,4.378829495034862
"6","Robério Bandeira De Negreiros Filho",2621,6.922142404394675
"6","Roosevelt Vilela Pires",570,1.5053877033593914
"6","Thiago De Araújo Macieira Manzoni",348,0.9190788083667865
"6","Wellington Luiz De Souza Silva",1009,2.6648003380519754
"8","Bernardo Rogério Mata De Araújo Junior",68,0.2251282900182089
"8","Daniel De Castro Sousa",1168,3.8669094520774707
"8","Daniel Xavier Donizet",1642,5.43618606191028
"8","Dayse Amarilio Donetts Diniz",768,2.54262539314683
"8","Eduardo Weyne Pedrosa",961,3.181592451580864
"8","Francisco Domingos Dos Santos",3394,11.236550240026485
"8","Fábio Felix Silveira",1553,5.141532858798213
"8","Gabriel Magno Pereira Cruz",827,2.7379572918390997
"8","Iolando Almeida De Souza",986,3.264360205264029
"8","Jane Klebia Do Nascimento Silva Reis",464,1.536169508359543
"8","Jaqueline Angela Da Silva",636,2.1056116536997185
"8","Joao Alves Cardoso",384,1.271312696573415
"8","Joaquim Domingos Roriz Neto",1135,3.7576560172156928
"8","Jorge Viana De Sousa",2265,7.498758483694752
"8","João Hermeto De Oliveira Neto",922,3.0524747558351266
"8","Marcos Martins Machado",2622,8.680682006290349
"8","Max Maciel Cavalcanti",3578,11.845720907134579
"8","Paula Moreno Paro Belmonte",707,2.340672074159907
"8","Pedro Paulo De Oliveira",292,0.9667273630193677
"8","Ricardo Vale Da Silva",537,1.777851349114385
"8","Robério Bandeira De Negreiros Filho",2129,7.048501903658335
"8","Roosevelt Vilela Pires",1517,5.022347293494454
"8","Thiago De Araújo Macieira Manzoni",613,2.029465320311207
"8","Wellington Luiz De Souza Silva",1037,3.4332064227776855
"9","Bernardo Rogério Mata De Araújo Junior",106,0.32256101271985876
"9","Daniel De Castro Sousa",982,2.988253910291522
"9","Daniel Xavier Donizet",1813,5.517010528878339
"9","Dayse Amarilio Donetts Diniz",965,2.936522427119469
"9","Eduardo Weyne Pedrosa",851,2.5896171870245266
"9","Francisco Domingos Dos Santos",2677,8.146187085387377
"9","Fábio Felix Silveira",4337,13.197614265717242
"9","Gabriel Magno Pereira Cruz",1297,3.946807863185442
"9","Iolando Almeida De Souza",1282,3.9011624368571605
"9","Jane Klebia Do Nascimento Silva Reis",707,2.1514210942730205
"9","Jaqueline Angela Da Silva",616,1.8745055078814437
"9","Joao Alves Cardoso",567,1.7253971152090561
"9","Joaquim Domingos Roriz Neto",916,2.7874140344470817
"9","Jorge Viana De Sousa",1448,4.406305154890147
"9","João Hermeto De Oliveira Neto",1786,5.434848761487433
"9","Marcos Martins Machado",1670,5.081857464548719
"9","Max Maciel Cavalcanti",2294,6.980707199805246
"9","Paula Moreno Paro Belmonte",1006,3.0612865924167734
"9","Pedro Paulo De Oliveira",267,0.812488588643418
"9","Ricardo Vale Da Silva",1012,3.079544762948086
"9","Robério Bandeira De Negreiros Filho",1608,4.893189702391821
"9","Roosevelt Vilela Pires",1600,4.8688454750167365
"9","Thiago De Araújo Macieira Manzoni",1786,5.434848761487433
"9","Wellington Luiz De Souza Silva",1269,3.8616030673726494
