"nome_candidato","sigla_partido","escolaridade_destaque","idade_destaque","genero_destaque","area_destaque"
"Marcos Martins Machado","REPUBLICANOS","ensino_fundamental_incompleto","25_a_29_anos","mais mulheres","Samambaia"
"Pedro Paulo De Oliveira","PP","ensino_fundamental_incompleto","25_a_29_anos","mais homens","Planaltina"
"Daniel De Castro Sousa","PP","ensino_medio_completo","25_a_29_anos","mais homens","Taguatinga"
"Ricardo Vale Da Silva","PT","ensino_fundamental_incompleto","55_a_59_anos","mais mulheres","Sobradinho"
"Francisco Domingos Dos Santos","PT","ensino_superior_completo","55_a_59_anos","mais mulheres","Taguatinga"
"Gabriel Magno Pereira Cruz","PT","ensino_superior_completo","65_a_69_anos","mais mulheres","Taguatinga"
"Iolando Almeida De Souza","MDB","ensino_fundamental_incompleto","25_a_29_anos","mais homens","Ceilândia Norte | Brazlândia"
"Wellington Luiz De Souza Silva","MDB","ensino_medio_completo","55_a_59_anos","mais mulheres","Samambaia"
"João Hermeto De Oliveira Neto","MDB","ensino_medio_completo","60_a_64_anos","mais homens","Núcleo Bandeirante | Riacho Fundo | Park Way | Candangolândia"
"Joaquim Domingos Roriz Neto","PL","ensino_fundamental_incompleto","25_a_29_anos","mais mulheres","Samambaia"
"Roosevelt Vilela Pires","PL","ensino_superior_completo","65_a_69_anos","mais mulheres","Taguatinga"
"Daniel Xavier Donizet","PL","ensino_superior_completo","50_a_54_anos","mais homens","Gama"
"Thiago De Araújo Macieira Manzoni","PL","ensino_superior_completo","65_a_69_anos","mais mulheres","Brasília - Asa Norte"
"Paula Moreno Paro Belmonte","CIDADANIA","ensino_superior_completo","70_a_74_anos","mais homens","Águas Claras"
"Bernardo Rogério Mata De Araújo Junior","PMN","ensino_fundamental_incompleto","25_a_29_anos","mais mulheres","Lago Sul | Jardim Botânico | São Sebastião"
"Jane Klebia Do Nascimento Silva Reis","AGIR","ensino_fundamental_incompleto","21_a_24_anos","mais mulheres","Paranoá | Varjão | Itapoã | Lago Norte"
"Jaqueline Angela Da Silva","AGIR","ensino_medio_completo","25_a_29_anos","mais homens","Santa Maria"
"Dayse Amarilio Donetts Diniz","PSB","ensino_superior_completo","30_a_34_anos","mais mulheres","Águas Claras"
"Eduardo Weyne Pedrosa","UNIÃO","ensino_fundamental_incompleto","25_a_29_anos","mais homens","Gama"
"Max Maciel Cavalcanti","PSOL","ensino_superior_completo","21_a_24_anos","mais homens","Taguatinga"
"Fábio Felix Silveira","PSOL","ensino_superior_completo","65_a_69_anos","mais mulheres","Brasília - Asa Norte"
"Robério Bandeira De Negreiros Filho","PSD","ensino_fundamental_incompleto","25_a_29_anos","mais homens","Ceilândia Norte | Brazlândia"
"Jorge Viana De Sousa","PSD","ensino_medio_completo","25_a_29_anos","mais mulheres","Samambaia"
"Joao Alves Cardoso","AVANTE","ensino_superior_completo","55_a_59_anos","mais mulheres","Sobradinho"
