"posicao","numero_candidato","nome_candidato","sigla_partido","total_votos","nome_abrev","nome_sem_sufixo"
1,"50123","Fábio Felix Silveira","PSOL",51792,"Fábio Félix","Fábio Felix Silveira"
2,"13100","Francisco Domingos Dos Santos","PT",43854,"Francisco Santos","Francisco Domingos Dos Santos"
3,"50100","Max Maciel Cavalcanti","PSOL",35758,"Max Cavalcanti","Max Maciel Cavalcanti"
4,"22222","Daniel Xavier Donizet","PL",33573,"Daniel Donizet","Daniel Xavier Donizet"
5,"10123","Marcos Martins Machado","REPUBLICANOS",31993,"Marcos Machado","Marcos Martins Machado"
6,"55000","Robério Bandeira De Negreiros Filho","PSD",31341,"Robério Negreiros","Robério Bandeira De Negreiros"
7,"55192","Jorge Viana De Sousa","PSD",30640,"Jorge Sousa","Jorge Viana De Sousa"
8,"36900","Jaqueline Angela Da Silva","AGIR",26452,"Jaqueline Silva","Jaqueline Angela Da Silva"
9,"22322","Thiago De Araújo Macieira Manzoni","PL",25554,"Thiago Manzoni","Thiago De Araújo Macieira Manzoni"
10,"44000","Eduardo Weyne Pedrosa","UNIÃO",22489,"Eduardo Pedrosa","Eduardo Weyne Pedrosa"
11,"22000","Joaquim Domingos Roriz Neto","PL",21057,"Joaquim Roriz","Joaquim Domingos Roriz"
12,"15000","Iolando Almeida De Souza","MDB",20757,"Iolando Souza","Iolando Almeida De Souza"
13,"11133","Daniel De Castro Sousa","PP",20402,"Daniel Sousa","Daniel De Castro Sousa"
14,"15190","João Hermeto De Oliveira Neto","MDB",20332,"João Oliveira","João Hermeto De Oliveira"
15,"22193","Roosevelt Vilela Pires","PL",20223,"Roosevelt Pires","Roosevelt Vilela Pires"
16,"36555","Jane Klebia Do Nascimento Silva Reis","AGIR",19006,"Jane Reis","Jane Klebia Do Nascimento Silva Reis"
17,"33123","Bernardo Rogério Mata De Araújo Junior","PMN",18207,"Bernardo Araújo","Bernardo Rogério Mata De Araújo"
18,"13131","Gabriel Magno Pereira Cruz","PT",18063,"Gabriel Cruz","Gabriel Magno Pereira Cruz"
19,"70888","Joao Alves Cardoso","AVANTE",17579,"Joao Cardoso","Joao Alves Cardoso"
20,"23455","Paula Moreno Paro Belmonte","CIDADANIA",17208,"Paula Belmonte","Paula Moreno Paro Belmonte"
21,"13013","Ricardo Vale Da Silva","PT",17077,"Ricardo Silva","Ricardo Vale Da Silva"
22,"15123","Wellington Luiz De Souza Silva","MDB",16933,"Wellington Silva","Wellington Luiz De Souza Silva"
23,"11011","Pedro Paulo De Oliveira","PP",15393,"Pedro Oliveira","Pedro Paulo De Oliveira"
24,"40222","Dayse Amarilio Donetts Diniz","PSB",11012,"Dayse Diniz","Dayse Amarilio Donetts Diniz"
